name	date
55-99-1	2007
55-99-2	2012
55-99-4	2012
55-99-5	2014
55-99-6	2011
55-99-7	2011
55-99-8	2013
55-99-9	2013
55-99-10	2012
55-99-11	2012
55-99-12	2013
55-99-13	2013
55-99-14	2009
55-99-15	2009
55-99-16	2009
55-99-17	2009
55-99-18	2013
55-99-19	2013
55-99-24	2008
55-99-34	2012
55-99-42	2013
55-99-43	2013
55-99-45	2011
55-99-46	2011
55-99-47	2012
55-99-48	2011
55-99-49	2012
55-99-50	2012
55-99-53	2008
55-99-54	2009
55-99-56	2002
55-99-57	2010
55-99-59	2008
55-99-60	2006
55-99-61	2014
55-99-62	2010
55-99-63	2011
55-99-64	2012
55-99-65	2003
55-99-66	2001
55-99-68	1999
55-99-69	1999
55-99-72	2004
55-99-73	2012
55-99-74	2011
55-99-75	2012
55-99-76	2012
55-99-77	2015
55-99-78	2011
55-99-79	2014
55-99-80	2015
55-99-81	2011
55-99-82	2011
55-99-83	2014
55-99-84	2014
55-99-85	2014
55-99-86	2015
55-99-87	2014
55-99-88	2013
55-99-89	2007
55-99-90	2014
55-99-91	2007
55-99-92	2013
55-99-93	2014
55-99-94	2014
55-99-95	2014
55-99-96	2014
55-99-97	2013
55-99-98	2014
55-99-99	2015
55-99-100	2012
55-99-101	2015
55-99-102	2012
55-99-103	2008
55-99-107	2004
55-99-108	2004
55-99-109	2004
55-99-125	2007
55-99-126	2007
55-99-127	2007
55-99-128	2007
55-99-129	2007
55-99-130	2008
